--
-- PostgreSQL database dump
--

-- Dumped from database version 12.17 (Ubuntu 12.17-1.pgdg22.04+1)
-- Dumped by pg_dump version 12.17 (Ubuntu 12.17-1.pgdg22.04+1)

SET statement_timeout = 0;
SET lock_timeout = 0;
SET idle_in_transaction_session_timeout = 0;
SET client_encoding = 'UTF8';
SET standard_conforming_strings = on;
SELECT pg_catalog.set_config('search_path', '', false);
SET check_function_bodies = false;
SET xmloption = content;
SET client_min_messages = warning;
SET row_security = off;

DROP DATABASE universe;
--
-- Name: universe; Type: DATABASE; Schema: -; Owner: freecodecamp
--

CREATE DATABASE universe WITH TEMPLATE = template0 ENCODING = 'UTF8' LC_COLLATE = 'C.UTF-8' LC_CTYPE = 'C.UTF-8';


ALTER DATABASE universe OWNER TO freecodecamp;

\connect universe

SET statement_timeout = 0;
SET lock_timeout = 0;
SET idle_in_transaction_session_timeout = 0;
SET client_encoding = 'UTF8';
SET standard_conforming_strings = on;
SELECT pg_catalog.set_config('search_path', '', false);
SET check_function_bodies = false;
SET xmloption = content;
SET client_min_messages = warning;
SET row_security = off;

SET default_tablespace = '';

SET default_table_access_method = heap;

--
-- Name: comet; Type: TABLE; Schema: public; Owner: freecodecamp
--

CREATE TABLE public.comet (
    comet_id integer NOT NULL,
    name character varying(100) NOT NULL,
    speed numeric NOT NULL,
    tail_length integer NOT NULL,
    is_periodic boolean NOT NULL
);


ALTER TABLE public.comet OWNER TO freecodecamp;

--
-- Name: comet_comet_id_seq; Type: SEQUENCE; Schema: public; Owner: freecodecamp
--

CREATE SEQUENCE public.comet_comet_id_seq
    AS integer
    START WITH 1
    INCREMENT BY 1
    NO MINVALUE
    NO MAXVALUE
    CACHE 1;


ALTER TABLE public.comet_comet_id_seq OWNER TO freecodecamp;

--
-- Name: comet_comet_id_seq; Type: SEQUENCE OWNED BY; Schema: public; Owner: freecodecamp
--

ALTER SEQUENCE public.comet_comet_id_seq OWNED BY public.comet.comet_id;


--
-- Name: galaxy; Type: TABLE; Schema: public; Owner: freecodecamp
--

CREATE TABLE public.galaxy (
    galaxy_id integer NOT NULL,
    name character varying(100) NOT NULL,
    type text NOT NULL,
    distance_from_earth numeric NOT NULL,
    has_supermassive_black_hole boolean NOT NULL
);


ALTER TABLE public.galaxy OWNER TO freecodecamp;

--
-- Name: galaxy_galaxy_id_seq; Type: SEQUENCE; Schema: public; Owner: freecodecamp
--

CREATE SEQUENCE public.galaxy_galaxy_id_seq
    AS integer
    START WITH 1
    INCREMENT BY 1
    NO MINVALUE
    NO MAXVALUE
    CACHE 1;


ALTER TABLE public.galaxy_galaxy_id_seq OWNER TO freecodecamp;

--
-- Name: galaxy_galaxy_id_seq; Type: SEQUENCE OWNED BY; Schema: public; Owner: freecodecamp
--

ALTER SEQUENCE public.galaxy_galaxy_id_seq OWNED BY public.galaxy.galaxy_id;


--
-- Name: moon; Type: TABLE; Schema: public; Owner: freecodecamp
--

CREATE TABLE public.moon (
    moon_id integer NOT NULL,
    name character varying(100) NOT NULL,
    planet_id integer NOT NULL,
    size integer NOT NULL,
    has_atmosphere boolean NOT NULL
);


ALTER TABLE public.moon OWNER TO freecodecamp;

--
-- Name: moon_moon_id_seq; Type: SEQUENCE; Schema: public; Owner: freecodecamp
--

CREATE SEQUENCE public.moon_moon_id_seq
    AS integer
    START WITH 1
    INCREMENT BY 1
    NO MINVALUE
    NO MAXVALUE
    CACHE 1;


ALTER TABLE public.moon_moon_id_seq OWNER TO freecodecamp;

--
-- Name: moon_moon_id_seq; Type: SEQUENCE OWNED BY; Schema: public; Owner: freecodecamp
--

ALTER SEQUENCE public.moon_moon_id_seq OWNED BY public.moon.moon_id;


--
-- Name: planet; Type: TABLE; Schema: public; Owner: freecodecamp
--

CREATE TABLE public.planet (
    planet_id integer NOT NULL,
    name character varying(100) NOT NULL,
    star_id integer NOT NULL,
    mass numeric NOT NULL,
    is_habitable boolean NOT NULL
);


ALTER TABLE public.planet OWNER TO freecodecamp;

--
-- Name: planet_planet_id_seq; Type: SEQUENCE; Schema: public; Owner: freecodecamp
--

CREATE SEQUENCE public.planet_planet_id_seq
    AS integer
    START WITH 1
    INCREMENT BY 1
    NO MINVALUE
    NO MAXVALUE
    CACHE 1;


ALTER TABLE public.planet_planet_id_seq OWNER TO freecodecamp;

--
-- Name: planet_planet_id_seq; Type: SEQUENCE OWNED BY; Schema: public; Owner: freecodecamp
--

ALTER SEQUENCE public.planet_planet_id_seq OWNED BY public.planet.planet_id;


--
-- Name: star; Type: TABLE; Schema: public; Owner: freecodecamp
--

CREATE TABLE public.star (
    star_id integer NOT NULL,
    name character varying(100) NOT NULL,
    galaxy_id integer NOT NULL,
    age integer NOT NULL,
    is_main_sequence boolean NOT NULL
);


ALTER TABLE public.star OWNER TO freecodecamp;

--
-- Name: star_star_id_seq; Type: SEQUENCE; Schema: public; Owner: freecodecamp
--

CREATE SEQUENCE public.star_star_id_seq
    AS integer
    START WITH 1
    INCREMENT BY 1
    NO MINVALUE
    NO MAXVALUE
    CACHE 1;


ALTER TABLE public.star_star_id_seq OWNER TO freecodecamp;

--
-- Name: star_star_id_seq; Type: SEQUENCE OWNED BY; Schema: public; Owner: freecodecamp
--

ALTER SEQUENCE public.star_star_id_seq OWNED BY public.star.star_id;


--
-- Name: comet comet_id; Type: DEFAULT; Schema: public; Owner: freecodecamp
--

ALTER TABLE ONLY public.comet ALTER COLUMN comet_id SET DEFAULT nextval('public.comet_comet_id_seq'::regclass);


--
-- Name: galaxy galaxy_id; Type: DEFAULT; Schema: public; Owner: freecodecamp
--

ALTER TABLE ONLY public.galaxy ALTER COLUMN galaxy_id SET DEFAULT nextval('public.galaxy_galaxy_id_seq'::regclass);


--
-- Name: moon moon_id; Type: DEFAULT; Schema: public; Owner: freecodecamp
--

ALTER TABLE ONLY public.moon ALTER COLUMN moon_id SET DEFAULT nextval('public.moon_moon_id_seq'::regclass);


--
-- Name: planet planet_id; Type: DEFAULT; Schema: public; Owner: freecodecamp
--

ALTER TABLE ONLY public.planet ALTER COLUMN planet_id SET DEFAULT nextval('public.planet_planet_id_seq'::regclass);


--
-- Name: star star_id; Type: DEFAULT; Schema: public; Owner: freecodecamp
--

ALTER TABLE ONLY public.star ALTER COLUMN star_id SET DEFAULT nextval('public.star_star_id_seq'::regclass);


--
-- Data for Name: comet; Type: TABLE DATA; Schema: public; Owner: freecodecamp
--

INSERT INTO public.comet VALUES (1, 'Halley', 70.56, 24, true);
INSERT INTO public.comet VALUES (2, 'Hale-Bopp', 70.20, 30, false);
INSERT INTO public.comet VALUES (3, 'Comet NEOWISE', 63.0, 8, false);


--
-- Data for Name: galaxy; Type: TABLE DATA; Schema: public; Owner: freecodecamp
--

INSERT INTO public.galaxy VALUES (1, 'Milky Way', 'Spiral', 0, true);
INSERT INTO public.galaxy VALUES (2, 'Andromeda', 'Spiral', 2.537, true);
INSERT INTO public.galaxy VALUES (3, 'Triangulum', 'Spiral', 3.0, false);
INSERT INTO public.galaxy VALUES (4, 'Sombrero', 'Elliptical', 31.1, true);
INSERT INTO public.galaxy VALUES (5, 'Whirlpool', 'Spiral', 23.0, false);
INSERT INTO public.galaxy VALUES (6, 'Cartwheel', 'Ring', 500.0, false);


--
-- Data for Name: moon; Type: TABLE DATA; Schema: public; Owner: freecodecamp
--

INSERT INTO public.moon VALUES (1, 'Moon', 1, 3474, false);
INSERT INTO public.moon VALUES (2, 'Phobos', 2, 22, false);
INSERT INTO public.moon VALUES (3, 'Deimos', 2, 12, false);
INSERT INTO public.moon VALUES (4, 'Europa', 3, 3122, true);
INSERT INTO public.moon VALUES (5, 'Io', 3, 3643, true);
INSERT INTO public.moon VALUES (6, 'Ganymede', 3, 5268, true);
INSERT INTO public.moon VALUES (7, 'Callisto', 3, 4820, false);
INSERT INTO public.moon VALUES (8, 'Titan', 4, 5150, true);
INSERT INTO public.moon VALUES (9, 'Triton', 5, 2706, true);
INSERT INTO public.moon VALUES (10, 'Charon', 6, 1212, false);
INSERT INTO public.moon VALUES (11, 'Dione', 3, 1120, false);
INSERT INTO public.moon VALUES (12, 'Enceladus', 3, 504, true);
INSERT INTO public.moon VALUES (13, 'Mimas', 3, 396, false);
INSERT INTO public.moon VALUES (14, 'Oberon', 3, 1523, false);
INSERT INTO public.moon VALUES (15, 'Miranda', 3, 471, false);
INSERT INTO public.moon VALUES (16, 'Ariel', 3, 1158, true);
INSERT INTO public.moon VALUES (17, 'Umbriel', 3, 1169, false);
INSERT INTO public.moon VALUES (18, 'Hyperion', 3, 270, false);
INSERT INTO public.moon VALUES (19, 'Phoebe', 3, 213, false);
INSERT INTO public.moon VALUES (20, 'Pandora', 3, 84, false);


--
-- Data for Name: planet; Type: TABLE DATA; Schema: public; Owner: freecodecamp
--

INSERT INTO public.planet VALUES (1, 'Earth', 1, 5.972, true);
INSERT INTO public.planet VALUES (2, 'Mars', 1, 0.641, false);
INSERT INTO public.planet VALUES (3, 'Jupiter', 1, 1898, false);
INSERT INTO public.planet VALUES (4, 'Venus', 1, 4.867, false);
INSERT INTO public.planet VALUES (5, 'Neptune', 1, 102, false);
INSERT INTO public.planet VALUES (6, 'Kepler-22b', 2, 8.7, true);
INSERT INTO public.planet VALUES (7, 'Proxima b', 6, 1.27, true);
INSERT INTO public.planet VALUES (8, 'Gliese 581g', 6, 2.9, true);
INSERT INTO public.planet VALUES (9, 'Kepler-452b', 2, 6.4, true);
INSERT INTO public.planet VALUES (10, 'Kepler-69c', 2, 7.2, true);
INSERT INTO public.planet VALUES (11, 'HD 209458b', 3, 0.7, false);
INSERT INTO public.planet VALUES (12, 'Kepler-10c', 4, 17.2, false);


--
-- Data for Name: star; Type: TABLE DATA; Schema: public; Owner: freecodecamp
--

INSERT INTO public.star VALUES (1, 'Sun', 1, 4600, true);
INSERT INTO public.star VALUES (2, 'Sirius', 1, 242, true);
INSERT INTO public.star VALUES (3, 'Betelgeuse', 1, 8700, false);
INSERT INTO public.star VALUES (4, 'Alpha Centauri A', 1, 5500, true);
INSERT INTO public.star VALUES (5, 'Rigel', 2, 8000, false);
INSERT INTO public.star VALUES (6, 'Proxima Centauri', 2, 4800, true);


--
-- Name: comet_comet_id_seq; Type: SEQUENCE SET; Schema: public; Owner: freecodecamp
--

SELECT pg_catalog.setval('public.comet_comet_id_seq', 3, true);


--
-- Name: galaxy_galaxy_id_seq; Type: SEQUENCE SET; Schema: public; Owner: freecodecamp
--

SELECT pg_catalog.setval('public.galaxy_galaxy_id_seq', 6, true);


--
-- Name: moon_moon_id_seq; Type: SEQUENCE SET; Schema: public; Owner: freecodecamp
--

SELECT pg_catalog.setval('public.moon_moon_id_seq', 20, true);


--
-- Name: planet_planet_id_seq; Type: SEQUENCE SET; Schema: public; Owner: freecodecamp
--

SELECT pg_catalog.setval('public.planet_planet_id_seq', 12, true);


--
-- Name: star_star_id_seq; Type: SEQUENCE SET; Schema: public; Owner: freecodecamp
--

SELECT pg_catalog.setval('public.star_star_id_seq', 6, true);


--
-- Name: comet comet_name_key; Type: CONSTRAINT; Schema: public; Owner: freecodecamp
--

ALTER TABLE ONLY public.comet
    ADD CONSTRAINT comet_name_key UNIQUE (name);


--
-- Name: comet comet_pkey; Type: CONSTRAINT; Schema: public; Owner: freecodecamp
--

ALTER TABLE ONLY public.comet
    ADD CONSTRAINT comet_pkey PRIMARY KEY (comet_id);


--
-- Name: galaxy galaxy_name_key; Type: CONSTRAINT; Schema: public; Owner: freecodecamp
--

ALTER TABLE ONLY public.galaxy
    ADD CONSTRAINT galaxy_name_key UNIQUE (name);


--
-- Name: galaxy galaxy_pkey; Type: CONSTRAINT; Schema: public; Owner: freecodecamp
--

ALTER TABLE ONLY public.galaxy
    ADD CONSTRAINT galaxy_pkey PRIMARY KEY (galaxy_id);


--
-- Name: moon moon_name_key; Type: CONSTRAINT; Schema: public; Owner: freecodecamp
--

ALTER TABLE ONLY public.moon
    ADD CONSTRAINT moon_name_key UNIQUE (name);


--
-- Name: moon moon_pkey; Type: CONSTRAINT; Schema: public; Owner: freecodecamp
--

ALTER TABLE ONLY public.moon
    ADD CONSTRAINT moon_pkey PRIMARY KEY (moon_id);


--
-- Name: planet planet_name_key; Type: CONSTRAINT; Schema: public; Owner: freecodecamp
--

ALTER TABLE ONLY public.planet
    ADD CONSTRAINT planet_name_key UNIQUE (name);


--
-- Name: planet planet_pkey; Type: CONSTRAINT; Schema: public; Owner: freecodecamp
--

ALTER TABLE ONLY public.planet
    ADD CONSTRAINT planet_pkey PRIMARY KEY (planet_id);


--
-- Name: star star_name_key; Type: CONSTRAINT; Schema: public; Owner: freecodecamp
--

ALTER TABLE ONLY public.star
    ADD CONSTRAINT star_name_key UNIQUE (name);


--
-- Name: star star_pkey; Type: CONSTRAINT; Schema: public; Owner: freecodecamp
--

ALTER TABLE ONLY public.star
    ADD CONSTRAINT star_pkey PRIMARY KEY (star_id);


--
-- Name: moon moon_planet_id_fkey; Type: FK CONSTRAINT; Schema: public; Owner: freecodecamp
--

ALTER TABLE ONLY public.moon
    ADD CONSTRAINT moon_planet_id_fkey FOREIGN KEY (planet_id) REFERENCES public.planet(planet_id);


--
-- Name: planet planet_star_id_fkey; Type: FK CONSTRAINT; Schema: public; Owner: freecodecamp
--

ALTER TABLE ONLY public.planet
    ADD CONSTRAINT planet_star_id_fkey FOREIGN KEY (star_id) REFERENCES public.star(star_id);


--
-- Name: star star_galaxy_id_fkey; Type: FK CONSTRAINT; Schema: public; Owner: freecodecamp
--

ALTER TABLE ONLY public.star
    ADD CONSTRAINT star_galaxy_id_fkey FOREIGN KEY (galaxy_id) REFERENCES public.galaxy(galaxy_id);


--
-- PostgreSQL database dump complete
--

